[
 {
   "name": "employeeCollection",
   "policy": "OR('Org1MSP.member', 'Org2MSP.member')",
   "requiredPeerCount": 1,
   "maxPeerCount": 1,
   "blockToLive":1000000,
   "memberOnlyRead": true,
   "memberOnlyWrite": true,
   "endorsementPolicy": {
    "signaturePolicy":"OR('Org1MSP.member','Org2MSP.member')"
  }   
},
{
  "name": "employerCollection",
  "policy": "OR('Org1MSP.member', 'Org2MSP.member')",
  "requiredPeerCount": 1,
  "maxPeerCount": 1,
  "blockToLive":1000000,
  "memberOnlyRead": true,
  "memberOnlyWrite": true,
  "endorsementPolicy": {
   "signaturePolicy":"OR('Org1MSP.member','Org2MSP.member')"
 }   
},
 {
   "name": "Org1MSPPrivateCollection",
   "policy": "OR('Org1MSP.member')",
   "requiredPeerCount": 0,
   "maxPeerCount": 1,
   "blockToLive":3,
   "memberOnlyRead": true,
   "memberOnlyWrite": false,
   "endorsementPolicy": {
     "signaturePolicy": "OR('Org1MSP.member')"
   }
 },
 {
  "name": "contractCollection",
  "policy": "OR('Org1MSP.member', 'Org2MSP.member')",
  "requiredPeerCount": 1,
  "maxPeerCount": 1,
  "blockToLive":1000000,
  "memberOnlyRead": true,
  "memberOnlyWrite": true,
  "endorsementPolicy": {
   "signaturePolicy":"OR('Org1MSP.member','Org2MSP.member')"
 }   
},
{
  "name": "transactionCollection",
  "policy": "OR('Org1MSP.member', 'Org2MSP.member')",
  "requiredPeerCount": 1,
  "maxPeerCount": 1,
  "blockToLive":1000000,
  "memberOnlyRead": true,
  "memberOnlyWrite": true,
  "endorsementPolicy": {
   "signaturePolicy":"OR('Org1MSP.member','Org2MSP.member')"
 }   
},
{
  "name": "bankaccountCollection",
  "policy": "OR('Org1MSP.member', 'Org2MSP.member')",
  "requiredPeerCount": 1,
  "maxPeerCount": 1,
  "blockToLive":1000000,
  "memberOnlyRead": true,
  "memberOnlyWrite": true,
  "endorsementPolicy": {
   "signaturePolicy":"OR('Org1MSP.member','Org2MSP.member')"
 }   
},
{
  "name": "routingbankCollection",
  "policy": "OR('Org1MSP.member', 'Org2MSP.member')",
  "requiredPeerCount": 1,
  "maxPeerCount": 1,
  "blockToLive":1000000,
  "memberOnlyRead": true,
  "memberOnlyWrite": true,
  "endorsementPolicy": {
   "signaturePolicy":"OR('Org1MSP.member','Org2MSP.member')"
 }   
},{
  "name": "centralbankCollection",
  "policy": "OR('Org1MSP.member', 'Org2MSP.member')",
  "requiredPeerCount": 1,
  "maxPeerCount": 1,
  "blockToLive":1000000,
  "memberOnlyRead": true,
  "memberOnlyWrite": true,
  "endorsementPolicy": {
   "signaturePolicy":"OR('Org1MSP.member','Org2MSP.member')"
 }   
},
{
  "name": "AgreedContractCollection",
  "policy": "OR('Org1MSP.member', 'Org2MSP.member')",
  "requiredPeerCount": 1,
  "maxPeerCount": 1,
  "blockToLive":1000000,
  "memberOnlyRead": true,
  "memberOnlyWrite": true,
  "endorsementPolicy": {
   "signaturePolicy":"OR('Org1MSP.member','Org2MSP.member')"
 }   
},
{
  "name": "FinishedContractCollection",
  "policy": "OR('Org1MSP.member', 'Org2MSP.member')",
  "requiredPeerCount": 1,
  "maxPeerCount": 1,
  "blockToLive":1000000,
  "memberOnlyRead": true,
  "memberOnlyWrite": true,
  "endorsementPolicy": {
   "signaturePolicy":"OR('Org1MSP.member','Org2MSP.member')"
 }   
},
{
  "name": "pendingtransactions",
  "policy": "OR('Org1MSP.member', 'Org2MSP.member')",
  "requiredPeerCount": 1,
  "maxPeerCount": 1,
  "blockToLive":1000000,
  "memberOnlyRead": true,
  "memberOnlyWrite": true,
  "endorsementPolicy": {
   "signaturePolicy":"OR('Org1MSP.member','Org2MSP.member')"
 }   
},
 {
   "name": "Org2MSPPrivateCollection",
   "policy": "OR('Org2MSP.member')",
   "requiredPeerCount": 0,
   "maxPeerCount": 1,
   "blockToLive":3,
   "memberOnlyRead": true,
   "memberOnlyWrite": false,
   "endorsementPolicy": {
     "signaturePolicy": "OR('Org2MSP.member')"
   }
  }
]
